{
    "openapi": "3.0.0",
    "info": {
        "title": "Swagger ManhDanBlogs",
        "description": "This is a sample Userstore server.  You can find out more about Swagger at [http://swagger.io](http://swagger.io) or on [irc.freenode.net, #swagger](http://swagger.io/irc/).",
        "termsOfService": "http://swagger.io/terms/",
        "contact": {
            "email": "apiteam@swagger.io"
        },
        "license": {
            "name": "Apache 2.0",
            "url": "http://www.apache.org/licenses/LICENSE-2.0.html"
        },
        "version": "1.0.0"
    },
    "servers": [
        {
            "url": "http://127.0.0.1:8000/api/",
            "description": "Development Environment"
        },
        {
            "url": "http://127.0.0.1:9000/api/",
            "description": "Staging  Environment"
        }
    ],
    "paths": {
        "/login": {
            "post": {
                "tags": [
                    "auth"
                ],
                "summary": "Sign in",
                "description": "Login by email, password",
                "operationId": "authLogin",
                "requestBody": {
                    "description": "Pass user credentials",
                    "required": true,
                    "content": {
                        "application/json": {
                            "schema": {
                                "required": [
                                    "email",
                                    "password"
                                ],
                                "properties": {
                                    "email": {
                                        "type": "string",
                                        "format": "email",
                                        "example": "user1@mail.com"
                                    },
                                    "password": {
                                        "type": "string",
                                        "format": "password",
                                        "example": "PassWord12345"
                                    },
                                    "persistent": {
                                        "type": "boolean",
                                        "example": "true"
                                    }
                                },
                                "type": "object"
                            }
                        }
                    }
                },
                "responses": {
                    "422": {
                        "description": "Wrong credentials response",
                        "content": {
                            "application/json": {
                                "schema": {
                                    "properties": {
                                        "message": {
                                            "type": "string",
                                            "example": "Sorry, wrong email address or password. Please try again"
                                        }
                                    },
                                    "type": "object"
                                }
                            }
                        }
                    }
                }
            }
        },
        "/Candidate": {
            "post": {
                "tags": [
                    "candidate"
                ],
                "summary": "Add a new Candidate to the store",
                "description": "Returns a single new user.",
                "operationId": "createCandidate",
                "requestBody": {
                    "description": "Candidate object that needs to be added to the store",
                    "required": true,
                    "content": {
                        "application/json": {
                            "schema": {
                                "properties": {
                                    "cand_name": {
                                        "type": "string"
                                    },
                                    "cand_education": {
                                        "type": "string"
                                    },
                                    "cand_birthday": {
                                        "type": "string"
                                    },
                                    "cand_experience": {
                                        "type": "string"
                                    },
                                    "cand_last_position": {
                                        "type": "string"
                                    },
                                    "cand_applied_position": {
                                        "type": "string"
                                    },
                                    "cand_skill": {
                                        "type": "string"
                                    },
                                    "cand_phone": {
                                        "type": "string"
                                    },
                                    "cand_email": {
                                        "type": "string"
                                    }
                                },
                                "type": "object"
                            }
                        }
                    }
                },
                "responses": {
                    "200": {
                        "description": "successful operation",
                        "content": {
                            "application/json": {
                                "schema": {
                                    "$ref": "#/components/schemas/Candidate"
                                }
                            }
                        }
                    },
                    "400": {
                        "description": "Invalid id supplied",
                        "content": {
                            "application/json": {
                                "schema": {
                                    "properties": {
                                        "message": {
                                            "type": "string",
                                            "example": "The specified data is invalid."
                                        },
                                        "errors": {
                                            "type": "object",
                                            "example": {
                                                "name": "The name field is required."
                                            }
                                        }
                                    },
                                    "type": "object"
                                }
                            }
                        }
                    }
                }
            }
        }
    },
    "components": {
        "schemas": {
            "Candidate": {
                "required": [
                    "cand_id",
                    "cand_name",
                    "cand_education",
                    "cand_birthday",
                    "cand_experience",
                    "cand_last_position",
                    "cand_applied_position",
                    "cand_skill",
                    "cand_phone",
                    "cand_resume",
                    "cand_email",
                    "created_at",
                    "updated_at"
                ],
                "properties": {
                    "cand_id": {
                        "type": "integer",
                        "format": "int32"
                    },
                    "cand_name": {
                        "type": "string"
                    },
                    "cand_education": {
                        "type": "string"
                    },
                    "cand_birthday": {
                        "type": "string",
                        "format": "date-time"
                    },
                    "cand_experience": {
                        "type": "string"
                    },
                    "cand_last_position": {
                        "type": "string"
                    },
                    "cand_applied_position": {
                        "type": "string"
                    },
                    "cand_skill": {
                        "type": "string"
                    },
                    "cand_phone": {
                        "type": "string"
                    },
                    "cand_resume": {
                        "type": "string"
                    },
                    "cand_email": {
                        "type": "string"
                    },
                    "created_at": {
                        "type": "string",
                        "format": "date-time"
                    },
                    "updated_at": {
                        "type": "string",
                        "format": "date-time"
                    }
                },
                "type": "object"
            }
        }
    },
    "tags": [
        {
            "name": "auth",
            "description": "Operations about auth user",
            "externalDocs": {
                "description": "Find out more about store",
                "url": "http://swagger.io"
            }
        },
        {
            "name": "user",
            "description": "Operations about user",
            "externalDocs": {
                "description": "Find out more about store",
                "url": "http://swagger.io"
            }
        },
        {
            "name": "upload",
            "description": "Operations about file",
            "externalDocs": {
                "description": "Find out more about store",
                "url": "http://swagger.io"
            }
        }
    ],
    "externalDocs": {
        "description": "Find out more about Swagger",
        "url": "http://swagger.io"
    }
}